hash,files,blanks,comments,codes
1c654c3f1d67906dbe2a374f516288a1edeeedb4,51,617,125,3650
a3c68d070d3dffba90577a5f684cd49885e9d28e,51,618,128,3652
887b7bf970a18803bb700796d7f226c9f161284b,51,618,128,3657
716c8d8de08f49f74378a966977e7f5bcbfd4c6a,51,619,128,3660
a4e89bef1dfe25d4061a28d0a7bf17e19a003577,53,617,128,3661
058e010f7d7c75086045bfb0db285e7ca6cb7c59,53,623,128,3669
7208a305e3fc588639c4da58ac581075108d4ec4,53,633,131,3783
7c1486c9803f7c9b9e486f5a63c77c9c633dea73,54,634,131,3817
408329437ffd2dacad8076e3759826962e25f5be,54,635,142,3819
1ed2bd50619f1dd356a2d785be1b50d9d8474cc9,54,639,154,3822
ade1cffa7e060c561781fce1fff8448ab5572e81,54,639,154,3822
8e4e3a9b0ee8fbc5f3cd518947bc20705c2ba156,57,663,157,3927
924f30e7498c481980065f641fab2c3790bcbfb0,57,664,157,3933
d5594bc12c472a469b118212d056f1c3edcbde58,57,666,157,3943
0658091a2402d85988cbf51d6f763e5b6d148111,59,674,165,4015
5acb9374fe5d83fbcd26cb5865beb1c1569290ad,59,681,166,4061
a5889cd490adb3d0e94f64be3ebc9cb21387bfa7,59,681,166,4064
2289849271eb3e9369252e824947f405d602cad7,62,686,166,4092
f096b051d8cb17e543fb32257b81af892661c819,63,690,165,4109
532f2715e9608c0dc791859e048ae12820d89a89,73,718,165,4237
2bfa86f7afa6f7b5538b0b3fdaa0ed6633027e53,74,717,168,4239
3642cb54b75aadfa59e0a39c746aae74260c1771,74,717,168,4239
1589504fe26548653b4c03307c2be4f775610208,74,718,168,4245
ef93071f5adfd412bcac1dcd15923761fd0b2bc5,74,718,168,4242
a25b980f39a05c987f661ecf32d66215d82f96ef,74,719,168,4249
d05bc3811ade2fad7c40cbe59013d6535d29fdfd,74,719,168,4249
435c40e4e0b4b689bbcc3f4c05bc422330bd4821,74,720,168,4256
8f9b4624a6cae4579d153c698f29a57fab9cfe93,74,720,168,4256
ea3b2abce1182b943a7a78f23940ae683717b6b9,74,720,168,4256
9ad9b91b4f335275d993672abb9d61d766c6564a,74,720,180,4275
f74b1fd3fcf12e0db73c5d3d6c0503fb0a770364,75,727,180,4357
1339d3680a964ef9514ffb9af6d246f629220d10,76,730,180,4382
db73c39593e650d1d0611b0b261efc5c63c79349,76,731,180,4392
611378eb0d60379d0def7bb4062ef3b0a8fb9bca,77,730,180,4394
ff75e1f39b80291a7703a2bacd34ea0bf2096b60,77,730,180,4394
2426a9165bc7d29060d631b58d5a3fb689bea8f8,84,751,180,4510
03deb4c0c57c7a9c0c89df692b9d366f8df55e4d,84,751,180,4508
1acfb9e9fc257dae5d701bba773e5480cb21e4b1,84,751,180,4508
15f85a1d5fcb8c584709114aef023873b711c918,84,754,180,4516
1749eda2f7f6d27e6edb6f33b0ddc270d33ced5a,86,758,180,4536
a33a1018517dac9d3386479977e1697c03afc1c7,86,761,180,4588
e27b99419a0270443b1e0d2d4d38bf724e048137,86,761,180,4588
67c00901201f7b69d8b0e7aa6872a89c3dded1b9,86,761,180,4588
2fbbc8dc36dd6a3e35bb60734b713fc5d69879a3,86,766,180,4640
efd14c049da8d876e9304581481109b6d7a968ab,86,766,180,4637
8c4e0a55a0c7d885c29def12a710ec0780b6a386,86,767,180,4640
f827d0e08f17f4efb484d909d327f872d49e7cca,86,769,180,4647
aab89fc92b0fe9c256cfbdedf4309733f614b174,86,769,180,4647
9387fafc608c500349f71754be5cd9a3507f8522,86,768,180,4647
69e2064237230195eadf668b681c3e913a7826a8,91,848,183,5160
e199a467855a73b73fdd1837c07a2375ab13ec66,92,971,183,5964
a2b11b38dae2a4e62ebc76aa17fa1c16a76dd73a,93,971,183,5966
26313246f7f24af16f0eefb844366c383c412c9f,93,973,183,5972
aa174a0bd8849e259598c232f960542a5ca39abb,93,973,183,5973
8dd1a08568bacd18371463c2c99e5ce566712f8d,100,1021,183,6215
a5e15282f6eec9f74dead2e8305958a2af94807c,100,1021,183,6215
398d8f27c27fefc422fd18a8ef084930a2f24ea8,100,1022,183,6225
e0419528651bca5c4adbba9e69abddaa23aa3ab1,108,1106,183,6349
ea00e528dc53254a7baa89c9958b6e18b20c0fa1,118,1148,183,6597
d714a0e1bf825c3b4059b558fee6c7544935c98e,118,1155,183,6605
a7866ac33ce5abb455669f324979cf69efe0d363,130,1216,183,6796
40682c543ece5b88c94d4c33ca2bf7973aacb7d0,130,1217,183,6826
76cd20266de319e6f90b325f8734acbefac2a8ab,131,1221,191,6837
c67cd3bd268749055df8addda691d41c14ba7059,131,1222,191,6867
64a5e7ea0247a545a9fb374bdc7ba27e0f10f8d3,131,1222,191,6869
79bbed0dabe3920d5adec2725245a0f1b765fddd,131,1222,191,6868
4373981364eeb06ab920569a4cbbcc0a540ac984,131,1222,191,6868
9496bf5f9a463acf0a2fd98edd4a9e8fe79c19c3,131,1222,191,6871
639c219bc352b49f60c6082fe2853af9541b8710,132,1226,191,6888
2ad1742db2e69a911e55758e85d4f9d88be075d0,132,1225,191,6899
3689faf8489aadc4a68c37e2e7f640be82356c95,132,1233,191,6935
0697bdfb2c258b58c09762a82fba45a316970297,132,1233,191,6936
112607e0c7fcacbb50b29389c09de4f0bc45bf1c,132,1231,191,6932
186f31ce96ccee0eb43d328e92f3fd856eb71971,132,1231,191,6932
63cd72bf433ecf0c351b154765733bb8948a3879,132,1231,191,6933
e92762ad4205a3390f21ad34508c739d00a6794a,132,1231,191,6931
9160ff2be911da7cd7995e775a8af1b18a60acd4,138,1246,191,6975
6c7ed89ca1950e8ec04ee41b2d6281f40eaf1571,139,1251,191,7022
02f43c99d03ee10ec00f96b40473b86856d5a43a,139,1253,191,7038
60dd1d763d124e5509dd55b76265882281beebaf,139,1253,191,7038
d6e185447a14a7d06bacb54e6a8ba127ad0e177e,139,1264,191,7153
8a92a1fc31cc2b7527b8b9b3cf476757ce57fbdf,139,1267,191,7169
23a35e4237f1a1499e6af7bcae1e43560b933b9f,138,1276,191,7230
a6e7c95ce38e2d430d440cdc7b3135aa72184102,140,1291,191,7335
3cf905ce108c18e2e910fd9c7d5ddfbea18bbf4a,140,1291,191,7337
818a59043ac29c23954a545824166f41f508860f,140,1291,191,7337
5260506f3c42711fb83e18a4f3a614f5e90e37b5,140,1292,191,7335
f34961944969ab56e129c76afba23ca98e382063,140,1293,191,7340
0d30aacdc587267737833cca0c7e16f349b9b57f,141,1293,191,7343
d49e10fa89a874379f4df143037f106383f28449,142,1301,196,7405
2d12dac38a59e2e3f372f9b43a4ae3c298c92bb8,143,1306,196,7487
5708b694b200dfcdae6bbbb0cb56b6c0ffa8b6d5,143,1312,196,7496
ab43e85aaf3169e20527956fa2bd7cf3b5256362,146,1327,196,7552
cd9fa7d2d7aa12923d761dd1d000e667aca6d05b,146,1324,196,7549
e2e021bd30861a363a9e310f8f5f87045c74e0cd,146,1328,196,7565
a800a709ef8af9b9aa92d6356f317ca99c974065,146,1329,196,7567
53afbfb66d3b70de0d234417e279da870e94c421,146,1329,196,7567
48b83e2e719d1ce2b1a736da770b878f09442e3d,146,1329,196,7567
b3663ed9363a702d89f9a1f72699ae8464d452c0,147,1338,196,7617
4bc392b9278a1eeb3987fe0389000c8b61fbd65b,148,1352,196,8803
67e1ec6842c47b5da5d82303b8c9ba768fd56427,151,1356,196,8828
2e52f82320e8455453f1e02ad9923db3913abc3a,152,1364,196,8891
b6ef559544742157347d2f6661df8b1a4f11d36f,152,1366,196,8897
da8cc81773604174bb072cc82968770e1b499d18,153,1371,196,8925
57bbdf62dee4aa79d49becb7d42949e5b74b4336,154,1376,196,8953
6cfa3ce684ac123ac086f4906c078d8afbf7a637,154,1375,196,8947
be07495d97be70b2e36a4ae813fbf86caac5bd64,154,1374,196,8941
24a2497bc1d0aaa1db8330ec777f95a62e6d1aca,154,1374,196,8944
5436baa126a34042d15121fc581dc2bd69a076ff,154,1375,196,8948
4d0414413a7a834e4ad2c6d92b8e4be898c98423,154,1375,196,8952
448ca84e77dd00f718671b0e1de647a5df690396,155,1411,199,9337
54592aec7efdc3b202d4131726acde44f53d91ce,155,1417,196,9388
957c2316bc85a2d34195514cce58c765aae293ae,157,1417,196,9391
1909818e915d8dbf3a1891c846ed70e63de6c478,157,1417,196,9390
da3db9ea719b8ee9111cf10c55e41a3d3668a9f2,157,1418,197,9391
8aa3cd7e7bb48f3de5f1a8298caf52eb47c53e09,157,1418,197,9392
ccea8698a515887e53cde8f474fb63e448880f39,157,1418,197,9393
66e78238f9c2f845c5109365c53cb3ac7186309b,157,1418,197,9393
8214e7496006edf254bb4b5ea067951544d0ab0c,157,1419,197,9395
6a240b8efb6066182dc9aa617ef5c9c91d897fce,157,1419,197,9397
8600d59f2e011b12db60e6dc855a60182dbe3e9e,156,1453,197,9659
7060875c5efbfe5ace5705e2d581d34145b3cdd7,157,1455,198,9691
a34204a6ae5504560e05ffd2e71ec2be77742e42,157,1470,198,9720
41e5978dabe34a231638dcd98b4069183d02f969,156,1481,198,9745
a939722ba85bae7cab0588cfb3bdef9d7c9d9408,156,1481,198,9739
53fa16d001fcc38285cde3a1b661b1888cd20726,158,1498,198,9793
519df1e21c1ecfa5eaeabec6a0b35d4e92de75b2,158,1498,198,9793
07a9e030dff6529ef40c43c4482bf5f43c42ca25,167,1591,203,10159
8e09284a54fcb255494300c892e0f3757aab8814,167,1591,203,10160
ce9b4ba9ebec3752f06d41a701599230c0af0e97,167,1591,203,10160
c1d110b236a5e1185046ced2bf8ddd68b3816292,167,1591,203,10160
026602553013aa46f88f05664cb1d376fb48fa2c,168,1601,203,10209
b343a734b33a51948e647d6bef71efea6bf89bf8,171,1610,203,10287
5f0b6925831c00eed0ebf62ffa1af09f2db3f740,171,1611,203,10311
cf17101368cdf6b9cd3d11a997dd218af94e92cc,171,1610,203,10287
2f23996496bc5944b1b1d95f5ae3587e5979ea90,171,1610,207,10283
e484750b4617e33290e70246474e2fff8ffce940,171,1612,207,10291
e76f84161abd09aac8c04a244110b20b030b9260,171,1614,207,10295
b865daec4c0e83431a4aded5c92004e8804cfb01,172,1625,207,10332
95116789552af28155677b0f0d0507fc1bf6a896,172,1656,207,10384
51561eb5c70b3594a6cf56372f67ccf6d51f6074,172,1656,207,10386
237a7eb81ffae9fd00b447bb1d6e859cf21fceb1,172,1658,207,10390
d3e4365387ef75abaa85b80e092b77bf90e37edc,172,1660,207,10393
31f16826f253e56b2e3ef1353b06994356d98d68,172,1660,207,10402
8ce3b9e3171b170a7b0d2204d7fabdb17ddabe75,172,1660,207,10402
1dbfde6f14183d2c2ea1e03efdbb86dcdc80cb44,172,1662,207,10404
8efe32e22d572cac5b9da7da6dbb9eaeb91773d8,166,1615,207,10030
